id;numero;nom;adresse;email;telephone;ville;pays;actif
1;jusque;athlète embrasser;fort;"uDp@N%&Mo.C4j82";0703453270;tellement jeune enfant pacifique;miaou oh énergique;false
2;hi;pourpre spécialiste diplomate;tôt cuicui baisser;"hW@tp[zh.[.az";0313692716;gigantesque équipe à force de;vlan incalculable;true
3;à l'encontre de memb;commenter;après que;"4T@8fV2.jfoW";0401031843;rectorat guère à l'insu de;sans de la part de que;true
4;rapide;que dès;clac mélancolique;"Y]YT6@XL,vaZ.k[";0724281311;chez rectangulaire;prout;true
5;terne gai de façon q;de façon que;pin-pon serviable entre;"G$@HyA6.j:6B";0236428798;sur bien que;cuicui outre;true
6;hormis comme biathlè;malgré;antagoniste près de;"y:$@GV.eGf1b";+33 595074356;de peur que de sorte que exiger;horrible;false
7;triathlète solitaire;coac coac perplexe;vivre;"gtp@&.fc~itr";0750634952;chef de cuisine construire adepte;saluer;true
8;intrépide;là-haut juriste tchou tchouu;immense tant équipe de recherche;"yc7u)@#`y(nh.OzY#J";+33 150211449;coin-coin si bien que;au point que;true
9;bof membre à vie ent;super;délégation jusqu’à ce que snif;"_@h^]j.-B";0434697731;céans;parlementaire;true
10;brave calmer large;comme;moyennant du fait que;"#7@XLC!6F.hDR)";+33 335448780;chez via au dépens de;ci comme tant que;false
